Timestamp,Request Filename,Response Filename,Response Time (s)
2025-04-04_18-56-50,MULTI_OBJECTIVE_425-225/request_2025-04-04_18-56-50.json,MULTI_OBJECTIVE_425-225/response_2025-04-04_18-56-50.json,1.0179378986358643
2025-04-04_18-56-51,MULTI_OBJECTIVE_425-225/request_2025-04-04_18-56-51.json,MULTI_OBJECTIVE_425-225/response_2025-04-04_18-56-51.json,1.0123639106750488
2025-04-04_18-56-52,MULTI_OBJECTIVE_425-225/request_2025-04-04_18-56-52.json,MULTI_OBJECTIVE_425-225/response_2025-04-04_18-56-52.json,1.0301117897033691
2025-04-04_18-56-53,MULTI_OBJECTIVE_425-225/request_2025-04-04_18-56-53.json,MULTI_OBJECTIVE_425-225/response_2025-04-04_18-56-53.json,1.0101103782653809
2025-04-04_18-56-54,MULTI_OBJECTIVE_425-225/request_2025-04-04_18-56-54.json,MULTI_OBJECTIVE_425-225/response_2025-04-04_18-56-54.json,0.8018505573272705
2025-04-04_18-56-55,MULTI_OBJECTIVE_425-225/request_2025-04-04_18-56-55.json,MULTI_OBJECTIVE_425-225/response_2025-04-04_18-56-55.json,1.0586950778961182
2025-04-04_18-56-56,MULTI_OBJECTIVE_425-225/request_2025-04-04_18-56-56.json,MULTI_OBJECTIVE_425-225/response_2025-04-04_18-56-56.json,0.9159984588623047
2025-04-04_18-56-57,MULTI_OBJECTIVE_425-225/request_2025-04-04_18-56-57.json,MULTI_OBJECTIVE_425-225/response_2025-04-04_18-56-57.json,1.0237300395965576
2025-04-04_18-56-58,MULTI_OBJECTIVE_425-225/request_2025-04-04_18-56-58.json,MULTI_OBJECTIVE_425-225/response_2025-04-04_18-56-58.json,0.5942800045013428
2025-04-04_18-56-59,MULTI_OBJECTIVE_425-225/request_2025-04-04_18-56-59.json,MULTI_OBJECTIVE_425-225/response_2025-04-04_18-56-59.json,0.9029107093811035
2025-04-04_18-57-00,MULTI_OBJECTIVE_425-225/request_2025-04-04_18-57-00.json,MULTI_OBJECTIVE_425-225/response_2025-04-04_18-57-00.json,1.0291955471038818
2025-04-04_18-57-01,MULTI_OBJECTIVE_425-225/request_2025-04-04_18-57-01.json,MULTI_OBJECTIVE_425-225/response_2025-04-04_18-57-01.json,0.6914515495300293
2025-04-04_18-57-01,MULTI_OBJECTIVE_425-225/request_2025-04-04_18-57-01.json,MULTI_OBJECTIVE_425-225/response_2025-04-04_18-57-01.json,1.0234761238098145
2025-04-04_18-57-02,MULTI_OBJECTIVE_425-225/request_2025-04-04_18-57-02.json,MULTI_OBJECTIVE_425-225/response_2025-04-04_18-57-02.json,0.592191219329834
2025-04-04_18-57-03,MULTI_OBJECTIVE_425-225/request_2025-04-04_18-57-03.json,MULTI_OBJECTIVE_425-225/response_2025-04-04_18-57-03.json,0.9721105098724365
2025-04-04_18-57-04,MULTI_OBJECTIVE_425-225/request_2025-04-04_18-57-04.json,MULTI_OBJECTIVE_425-225/response_2025-04-04_18-57-04.json,0.9210617542266846
2025-04-04_18-57-05,MULTI_OBJECTIVE_425-225/request_2025-04-04_18-57-05.json,MULTI_OBJECTIVE_425-225/response_2025-04-04_18-57-05.json,0.9871921539306641
2025-04-04_18-57-06,MULTI_OBJECTIVE_425-225/request_2025-04-04_18-57-06.json,MULTI_OBJECTIVE_425-225/response_2025-04-04_18-57-06.json,0.5802550315856934
2025-04-04_18-57-07,MULTI_OBJECTIVE_425-225/request_2025-04-04_18-57-07.json,MULTI_OBJECTIVE_425-225/response_2025-04-04_18-57-07.json,1.0357286930084229
2025-04-04_18-57-08,MULTI_OBJECTIVE_425-225/request_2025-04-04_18-57-08.json,MULTI_OBJECTIVE_425-225/response_2025-04-04_18-57-08.json,1.0455961227416992
2025-04-04_18-57-09,MULTI_OBJECTIVE_425-225/request_2025-04-04_18-57-09.json,MULTI_OBJECTIVE_425-225/response_2025-04-04_18-57-09.json,1.0415246486663818
2025-04-04_18-57-10,MULTI_OBJECTIVE_425-225/request_2025-04-04_18-57-10.json,MULTI_OBJECTIVE_425-225/response_2025-04-04_18-57-10.json,0.5909285545349121
2025-04-04_18-57-10,MULTI_OBJECTIVE_425-225/request_2025-04-04_18-57-10.json,MULTI_OBJECTIVE_425-225/response_2025-04-04_18-57-10.json,1.025918960571289
2025-04-04_18-57-11,MULTI_OBJECTIVE_425-225/request_2025-04-04_18-57-11.json,MULTI_OBJECTIVE_425-225/response_2025-04-04_18-57-11.json,0.808708667755127
2025-04-04_18-57-12,MULTI_OBJECTIVE_425-225/request_2025-04-04_18-57-12.json,MULTI_OBJECTIVE_425-225/response_2025-04-04_18-57-12.json,0.8216414451599121
2025-04-04_18-57-13,MULTI_OBJECTIVE_425-225/request_2025-04-04_18-57-13.json,MULTI_OBJECTIVE_425-225/response_2025-04-04_18-57-13.json,0.9223294258117676
2025-04-04_18-57-14,MULTI_OBJECTIVE_425-225/request_2025-04-04_18-57-14.json,MULTI_OBJECTIVE_425-225/response_2025-04-04_18-57-14.json,1.02571702003479
2025-04-04_18-57-15,MULTI_OBJECTIVE_425-225/request_2025-04-04_18-57-15.json,MULTI_OBJECTIVE_425-225/response_2025-04-04_18-57-15.json,0.6947910785675049
2025-04-04_18-57-16,MULTI_OBJECTIVE_425-225/request_2025-04-04_18-57-16.json,MULTI_OBJECTIVE_425-225/response_2025-04-04_18-57-16.json,0.8041520118713379
2025-04-04_18-57-17,MULTI_OBJECTIVE_425-225/request_2025-04-04_18-57-17.json,MULTI_OBJECTIVE_425-225/response_2025-04-04_18-57-17.json,1.021310567855835
2025-04-04_18-57-18,MULTI_OBJECTIVE_425-225/request_2025-04-04_18-57-18.json,MULTI_OBJECTIVE_425-225/response_2025-04-04_18-57-18.json,0.5837109088897705
2025-04-04_18-57-18,MULTI_OBJECTIVE_425-225/request_2025-04-04_18-57-18.json,MULTI_OBJECTIVE_425-225/response_2025-04-04_18-57-18.json,1.0256836414337158
2025-04-04_18-57-19,MULTI_OBJECTIVE_425-225/request_2025-04-04_18-57-19.json,MULTI_OBJECTIVE_425-225/response_2025-04-04_18-57-19.json,0.9760007858276367
2025-04-04_18-57-20,MULTI_OBJECTIVE_425-225/request_2025-04-04_18-57-20.json,MULTI_OBJECTIVE_425-225/response_2025-04-04_18-57-20.json,0.9170506000518799
2025-04-04_18-57-21,MULTI_OBJECTIVE_425-225/request_2025-04-04_18-57-21.json,MULTI_OBJECTIVE_425-225/response_2025-04-04_18-57-21.json,0.766516923904419
2025-04-04_18-57-22,MULTI_OBJECTIVE_425-225/request_2025-04-04_18-57-22.json,MULTI_OBJECTIVE_425-225/response_2025-04-04_18-57-22.json,0.8228437900543213
2025-04-04_18-57-23,MULTI_OBJECTIVE_425-225/request_2025-04-04_18-57-23.json,MULTI_OBJECTIVE_425-225/response_2025-04-04_18-57-23.json,1.041743516921997
2025-04-04_18-57-24,MULTI_OBJECTIVE_425-225/request_2025-04-04_18-57-24.json,MULTI_OBJECTIVE_425-225/response_2025-04-04_18-57-24.json,1.0563063621520996
2025-04-04_18-57-25,MULTI_OBJECTIVE_425-225/request_2025-04-04_18-57-25.json,MULTI_OBJECTIVE_425-225/response_2025-04-04_18-57-25.json,0.7832682132720947
2025-04-04_18-57-26,MULTI_OBJECTIVE_425-225/request_2025-04-04_18-57-26.json,MULTI_OBJECTIVE_425-225/response_2025-04-04_18-57-26.json,1.012688398361206
2025-04-04_18-57-27,MULTI_OBJECTIVE_425-225/request_2025-04-04_18-57-27.json,MULTI_OBJECTIVE_425-225/response_2025-04-04_18-57-27.json,0.5364899635314941
2025-04-04_18-57-28,MULTI_OBJECTIVE_425-225/request_2025-04-04_18-57-28.json,MULTI_OBJECTIVE_425-225/response_2025-04-04_18-57-28.json,0.3629441261291504
2025-04-04_18-57-28,MULTI_OBJECTIVE_425-225/request_2025-04-04_18-57-28.json,MULTI_OBJECTIVE_425-225/response_2025-04-04_18-57-28.json,0.8898518085479736
2025-04-04_18-57-29,MULTI_OBJECTIVE_425-225/request_2025-04-04_18-57-29.json,MULTI_OBJECTIVE_425-225/response_2025-04-04_18-57-29.json,0.9013760089874268
2025-04-04_18-57-30,MULTI_OBJECTIVE_425-225/request_2025-04-04_18-57-30.json,MULTI_OBJECTIVE_425-225/response_2025-04-04_18-57-30.json,0.8861477375030518
2025-04-04_18-57-31,MULTI_OBJECTIVE_425-225/request_2025-04-04_18-57-31.json,MULTI_OBJECTIVE_425-225/response_2025-04-04_18-57-31.json,0.4440302848815918
2025-04-04_18-57-31,MULTI_OBJECTIVE_425-225/request_2025-04-04_18-57-31.json,MULTI_OBJECTIVE_425-225/response_2025-04-04_18-57-31.json,1.0758602619171143
2025-04-04_18-57-32,MULTI_OBJECTIVE_425-225/request_2025-04-04_18-57-32.json,MULTI_OBJECTIVE_425-225/response_2025-04-04_18-57-32.json,0.8900506496429443
2025-04-04_18-57-33,MULTI_OBJECTIVE_425-225/request_2025-04-04_18-57-33.json,MULTI_OBJECTIVE_425-225/response_2025-04-04_18-57-33.json,0.8146896362304688
2025-04-04_18-57-34,MULTI_OBJECTIVE_425-225/request_2025-04-04_18-57-34.json,MULTI_OBJECTIVE_425-225/response_2025-04-04_18-57-34.json,0.8755817413330078
2025-04-04_18-57-35,MULTI_OBJECTIVE_425-225/request_2025-04-04_18-57-35.json,MULTI_OBJECTIVE_425-225/response_2025-04-04_18-57-35.json,1.036160945892334
2025-04-04_18-57-36,MULTI_OBJECTIVE_425-225/request_2025-04-04_18-57-36.json,MULTI_OBJECTIVE_425-225/response_2025-04-04_18-57-36.json,0.5403475761413574
2025-04-04_18-57-37,MULTI_OBJECTIVE_425-225/request_2025-04-04_18-57-37.json,MULTI_OBJECTIVE_425-225/response_2025-04-04_18-57-37.json,1.036444902420044
2025-04-04_18-57-38,MULTI_OBJECTIVE_425-225/request_2025-04-04_18-57-38.json,MULTI_OBJECTIVE_425-225/response_2025-04-04_18-57-38.json,0.9860634803771973
2025-04-04_18-57-39,MULTI_OBJECTIVE_425-225/request_2025-04-04_18-57-39.json,MULTI_OBJECTIVE_425-225/response_2025-04-04_18-57-39.json,0.6906299591064453
2025-04-04_18-57-39,MULTI_OBJECTIVE_425-225/request_2025-04-04_18-57-39.json,MULTI_OBJECTIVE_425-225/response_2025-04-04_18-57-39.json,1.0360488891601562
2025-04-04_18-57-41,MULTI_OBJECTIVE_425-225/request_2025-04-04_18-57-41.json,MULTI_OBJECTIVE_425-225/response_2025-04-04_18-57-41.json,0.993229866027832
2025-04-04_18-57-42,MULTI_OBJECTIVE_425-225/request_2025-04-04_18-57-42.json,MULTI_OBJECTIVE_425-225/response_2025-04-04_18-57-42.json,1.0374958515167236
2025-04-04_18-57-43,MULTI_OBJECTIVE_425-225/request_2025-04-04_18-57-43.json,MULTI_OBJECTIVE_425-225/response_2025-04-04_18-57-43.json,1.002157211303711
2025-04-04_18-57-44,MULTI_OBJECTIVE_425-225/request_2025-04-04_18-57-44.json,MULTI_OBJECTIVE_425-225/response_2025-04-04_18-57-44.json,1.0224330425262451
2025-04-04_18-57-45,MULTI_OBJECTIVE_425-225/request_2025-04-04_18-57-45.json,MULTI_OBJECTIVE_425-225/response_2025-04-04_18-57-45.json,1.0514171123504639
2025-04-04_18-57-46,MULTI_OBJECTIVE_425-225/request_2025-04-04_18-57-46.json,MULTI_OBJECTIVE_425-225/response_2025-04-04_18-57-46.json,1.039229393005371
2025-04-04_18-57-47,MULTI_OBJECTIVE_425-225/request_2025-04-04_18-57-47.json,MULTI_OBJECTIVE_425-225/response_2025-04-04_18-57-47.json,1.0428466796875
2025-04-04_18-57-48,MULTI_OBJECTIVE_425-225/request_2025-04-04_18-57-48.json,MULTI_OBJECTIVE_425-225/response_2025-04-04_18-57-48.json,1.0172529220581055
2025-04-04_18-57-49,MULTI_OBJECTIVE_425-225/request_2025-04-04_18-57-49.json,MULTI_OBJECTIVE_425-225/response_2025-04-04_18-57-49.json,0.46178698539733887
2025-04-04_18-57-49,MULTI_OBJECTIVE_425-225/request_2025-04-04_18-57-49.json,MULTI_OBJECTIVE_425-225/response_2025-04-04_18-57-49.json,0.5803520679473877
2025-04-04_18-57-50,MULTI_OBJECTIVE_425-225/request_2025-04-04_18-57-50.json,MULTI_OBJECTIVE_425-225/response_2025-04-04_18-57-50.json,0.8602232933044434
2025-04-04_18-57-51,MULTI_OBJECTIVE_425-225/request_2025-04-04_18-57-51.json,MULTI_OBJECTIVE_425-225/response_2025-04-04_18-57-51.json,0.8963010311126709
2025-04-04_18-57-52,MULTI_OBJECTIVE_425-225/request_2025-04-04_18-57-52.json,MULTI_OBJECTIVE_425-225/response_2025-04-04_18-57-52.json,0.9070727825164795
2025-04-04_18-57-53,MULTI_OBJECTIVE_425-225/request_2025-04-04_18-57-53.json,MULTI_OBJECTIVE_425-225/response_2025-04-04_18-57-53.json,0.4676494598388672
2025-04-04_18-57-53,MULTI_OBJECTIVE_425-225/request_2025-04-04_18-57-53.json,MULTI_OBJECTIVE_425-225/response_2025-04-04_18-57-53.json,0.7721519470214844
2025-04-04_18-57-54,MULTI_OBJECTIVE_425-225/request_2025-04-04_18-57-54.json,MULTI_OBJECTIVE_425-225/response_2025-04-04_18-57-54.json,1.0365383625030518
2025-04-04_18-57-55,MULTI_OBJECTIVE_425-225/request_2025-04-04_18-57-55.json,MULTI_OBJECTIVE_425-225/response_2025-04-04_18-57-55.json,0.9228858947753906
2025-04-04_18-57-56,MULTI_OBJECTIVE_425-225/request_2025-04-04_18-57-56.json,MULTI_OBJECTIVE_425-225/response_2025-04-04_18-57-56.json,0.9169981479644775
2025-04-04_18-57-57,MULTI_OBJECTIVE_425-225/request_2025-04-04_18-57-57.json,MULTI_OBJECTIVE_425-225/response_2025-04-04_18-57-57.json,0.922161340713501
2025-04-04_18-57-58,MULTI_OBJECTIVE_425-225/request_2025-04-04_18-57-58.json,MULTI_OBJECTIVE_425-225/response_2025-04-04_18-57-58.json,1.057525873184204
2025-04-04_18-57-59,MULTI_OBJECTIVE_425-225/request_2025-04-04_18-57-59.json,MULTI_OBJECTIVE_425-225/response_2025-04-04_18-57-59.json,0.5872673988342285
2025-04-04_18-58-00,MULTI_OBJECTIVE_425-225/request_2025-04-04_18-58-00.json,MULTI_OBJECTIVE_425-225/response_2025-04-04_18-58-00.json,1.044363260269165
2025-04-04_18-58-01,MULTI_OBJECTIVE_425-225/request_2025-04-04_18-58-01.json,MULTI_OBJECTIVE_425-225/response_2025-04-04_18-58-01.json,0.8171608448028564
2025-04-04_18-58-02,MULTI_OBJECTIVE_425-225/request_2025-04-04_18-58-02.json,MULTI_OBJECTIVE_425-225/response_2025-04-04_18-58-02.json,0.2593696117401123
2025-04-04_18-58-02,MULTI_OBJECTIVE_425-225/request_2025-04-04_18-58-02.json,MULTI_OBJECTIVE_425-225/response_2025-04-04_18-58-02.json,1.0321769714355469
2025-04-04_18-58-03,MULTI_OBJECTIVE_425-225/request_2025-04-04_18-58-03.json,MULTI_OBJECTIVE_425-225/response_2025-04-04_18-58-03.json,1.0240042209625244
2025-04-04_18-58-04,MULTI_OBJECTIVE_425-225/request_2025-04-04_18-58-04.json,MULTI_OBJECTIVE_425-225/response_2025-04-04_18-58-04.json,0.5843491554260254
2025-04-04_18-58-05,MULTI_OBJECTIVE_425-225/request_2025-04-04_18-58-05.json,MULTI_OBJECTIVE_425-225/response_2025-04-04_18-58-05.json,0.93147873878479
2025-04-04_18-58-06,MULTI_OBJECTIVE_425-225/request_2025-04-04_18-58-06.json,MULTI_OBJECTIVE_425-225/response_2025-04-04_18-58-06.json,1.0353093147277832
2025-04-04_18-58-07,MULTI_OBJECTIVE_425-225/request_2025-04-04_18-58-07.json,MULTI_OBJECTIVE_425-225/response_2025-04-04_18-58-07.json,1.0249590873718262
2025-04-04_18-58-08,MULTI_OBJECTIVE_425-225/request_2025-04-04_18-58-08.json,MULTI_OBJECTIVE_425-225/response_2025-04-04_18-58-08.json,0.9509804248809814
2025-04-04_18-58-09,MULTI_OBJECTIVE_425-225/request_2025-04-04_18-58-09.json,MULTI_OBJECTIVE_425-225/response_2025-04-04_18-58-09.json,1.0204288959503174
2025-04-04_18-58-10,MULTI_OBJECTIVE_425-225/request_2025-04-04_18-58-10.json,MULTI_OBJECTIVE_425-225/response_2025-04-04_18-58-10.json,0.32644009590148926
2025-04-04_18-58-10,MULTI_OBJECTIVE_425-225/request_2025-04-04_18-58-10.json,MULTI_OBJECTIVE_425-225/response_2025-04-04_18-58-10.json,1.0316345691680908
2025-04-04_18-58-11,MULTI_OBJECTIVE_425-225/request_2025-04-04_18-58-11.json,MULTI_OBJECTIVE_425-225/response_2025-04-04_18-58-11.json,1.0298042297363281
2025-04-04_18-58-12,MULTI_OBJECTIVE_425-225/request_2025-04-04_18-58-12.json,MULTI_OBJECTIVE_425-225/response_2025-04-04_18-58-12.json,0.8793392181396484
2025-04-04_18-58-13,MULTI_OBJECTIVE_425-225/request_2025-04-04_18-58-13.json,MULTI_OBJECTIVE_425-225/response_2025-04-04_18-58-13.json,0.8016273975372314
2025-04-04_18-58-14,MULTI_OBJECTIVE_425-225/request_2025-04-04_18-58-14.json,MULTI_OBJECTIVE_425-225/response_2025-04-04_18-58-14.json,0.997185230255127
2025-04-04_18-58-15,MULTI_OBJECTIVE_425-225/request_2025-04-04_18-58-15.json,MULTI_OBJECTIVE_425-225/response_2025-04-04_18-58-15.json,0.5795130729675293
2025-04-04_18-58-16,MULTI_OBJECTIVE_425-225/request_2025-04-04_18-58-16.json,MULTI_OBJECTIVE_425-225/response_2025-04-04_18-58-16.json,0.5849523544311523
2025-04-04_18-58-16,MULTI_OBJECTIVE_425-225/request_2025-04-04_18-58-16.json,MULTI_OBJECTIVE_425-225/response_2025-04-04_18-58-16.json,0.9266722202301025
2025-04-04_18-58-17,MULTI_OBJECTIVE_425-225/request_2025-04-04_18-58-17.json,MULTI_OBJECTIVE_425-225/response_2025-04-04_18-58-17.json,0.9090754985809326
2025-04-04_18-58-18,MULTI_OBJECTIVE_425-225/request_2025-04-04_18-58-18.json,MULTI_OBJECTIVE_425-225/response_2025-04-04_18-58-18.json,0.7654366493225098
2025-04-04_18-58-19,MULTI_OBJECTIVE_425-225/request_2025-04-04_18-58-19.json,MULTI_OBJECTIVE_425-225/response_2025-04-04_18-58-19.json,1.0376429557800293
