Timestamp,Request Filename,Response Filename,Response Time (s)
2024-07-16_17-12-43,SUSTAINABILITY_115-50\request_2024-07-16_17-12-43.json,SUSTAINABILITY_115-50\response_2024-07-16_17-12-43.json,0.5714714527130127
2024-07-16_17-12-46,SUSTAINABILITY_115-50\request_2024-07-16_17-12-46.json,SUSTAINABILITY_115-50\response_2024-07-16_17-12-46.json,0.40032267570495605
2024-07-16_17-12-47,SUSTAINABILITY_115-50\request_2024-07-16_17-12-47.json,SUSTAINABILITY_115-50\response_2024-07-16_17-12-47.json,0.49116015434265137
2024-07-16_17-12-49,SUSTAINABILITY_115-50\request_2024-07-16_17-12-49.json,SUSTAINABILITY_115-50\response_2024-07-16_17-12-49.json,0.4338653087615967
2024-07-16_17-12-50,SUSTAINABILITY_115-50\request_2024-07-16_17-12-50.json,SUSTAINABILITY_115-50\response_2024-07-16_17-12-50.json,0.3742959499359131
2024-07-16_17-12-51,SUSTAINABILITY_115-50\request_2024-07-16_17-12-51.json,SUSTAINABILITY_115-50\response_2024-07-16_17-12-51.json,0.6612086296081543
2024-07-16_17-12-53,SUSTAINABILITY_115-50\request_2024-07-16_17-12-53.json,SUSTAINABILITY_115-50\response_2024-07-16_17-12-53.json,0.43340587615966797
2024-07-16_17-12-54,SUSTAINABILITY_115-50\request_2024-07-16_17-12-54.json,SUSTAINABILITY_115-50\response_2024-07-16_17-12-54.json,0.450763463973999
2024-07-16_17-12-56,SUSTAINABILITY_115-50\request_2024-07-16_17-12-56.json,SUSTAINABILITY_115-50\response_2024-07-16_17-12-56.json,0.41002345085144043
2024-07-16_17-12-57,SUSTAINABILITY_115-50\request_2024-07-16_17-12-57.json,SUSTAINABILITY_115-50\response_2024-07-16_17-12-57.json,0.3958451747894287
2024-07-16_17-12-58,SUSTAINABILITY_115-50\request_2024-07-16_17-12-58.json,SUSTAINABILITY_115-50\response_2024-07-16_17-12-58.json,0.37204575538635254
2024-07-16_17-13-00,SUSTAINABILITY_115-50\request_2024-07-16_17-13-00.json,SUSTAINABILITY_115-50\response_2024-07-16_17-13-00.json,0.34900617599487305
2024-07-16_17-13-01,SUSTAINABILITY_115-50\request_2024-07-16_17-13-01.json,SUSTAINABILITY_115-50\response_2024-07-16_17-13-01.json,0.5393927097320557
2024-07-16_17-13-02,SUSTAINABILITY_115-50\request_2024-07-16_17-13-02.json,SUSTAINABILITY_115-50\response_2024-07-16_17-13-02.json,0.3996005058288574
2024-07-16_17-13-04,SUSTAINABILITY_115-50\request_2024-07-16_17-13-04.json,SUSTAINABILITY_115-50\response_2024-07-16_17-13-04.json,0.35865068435668945
2024-07-16_17-13-05,SUSTAINABILITY_115-50\request_2024-07-16_17-13-05.json,SUSTAINABILITY_115-50\response_2024-07-16_17-13-05.json,0.4055306911468506
2024-07-16_17-13-06,SUSTAINABILITY_115-50\request_2024-07-16_17-13-06.json,SUSTAINABILITY_115-50\response_2024-07-16_17-13-06.json,0.37252068519592285
2024-07-16_17-13-08,SUSTAINABILITY_115-50\request_2024-07-16_17-13-08.json,SUSTAINABILITY_115-50\response_2024-07-16_17-13-08.json,0.4081699848175049
2024-07-16_17-13-09,SUSTAINABILITY_115-50\request_2024-07-16_17-13-09.json,SUSTAINABILITY_115-50\response_2024-07-16_17-13-09.json,0.406846284866333
2024-07-16_17-13-10,SUSTAINABILITY_115-50\request_2024-07-16_17-13-10.json,SUSTAINABILITY_115-50\response_2024-07-16_17-13-10.json,0.39156079292297363
2024-07-16_17-13-12,SUSTAINABILITY_115-50\request_2024-07-16_17-13-12.json,SUSTAINABILITY_115-50\response_2024-07-16_17-13-12.json,0.38535237312316895
2024-07-16_17-13-13,SUSTAINABILITY_115-50\request_2024-07-16_17-13-13.json,SUSTAINABILITY_115-50\response_2024-07-16_17-13-13.json,0.403292179107666
2024-07-16_17-13-14,SUSTAINABILITY_115-50\request_2024-07-16_17-13-14.json,SUSTAINABILITY_115-50\response_2024-07-16_17-13-14.json,0.40554308891296387
2024-07-16_17-13-15,SUSTAINABILITY_115-50\request_2024-07-16_17-13-15.json,SUSTAINABILITY_115-50\response_2024-07-16_17-13-15.json,0.3847794532775879
2024-07-16_17-13-17,SUSTAINABILITY_115-50\request_2024-07-16_17-13-17.json,SUSTAINABILITY_115-50\response_2024-07-16_17-13-17.json,0.35922694206237793
2024-07-16_17-13-18,SUSTAINABILITY_115-50\request_2024-07-16_17-13-18.json,SUSTAINABILITY_115-50\response_2024-07-16_17-13-18.json,0.42911362648010254
2024-07-16_17-13-19,SUSTAINABILITY_115-50\request_2024-07-16_17-13-19.json,SUSTAINABILITY_115-50\response_2024-07-16_17-13-19.json,0.37751150131225586
2024-07-16_17-13-21,SUSTAINABILITY_115-50\request_2024-07-16_17-13-21.json,SUSTAINABILITY_115-50\response_2024-07-16_17-13-21.json,0.4608762264251709
2024-07-16_17-13-22,SUSTAINABILITY_115-50\request_2024-07-16_17-13-22.json,SUSTAINABILITY_115-50\response_2024-07-16_17-13-22.json,0.40529704093933105
2024-07-16_17-13-23,SUSTAINABILITY_115-50\request_2024-07-16_17-13-23.json,SUSTAINABILITY_115-50\response_2024-07-16_17-13-23.json,0.37699222564697266
2024-07-16_17-13-25,SUSTAINABILITY_115-50\request_2024-07-16_17-13-25.json,SUSTAINABILITY_115-50\response_2024-07-16_17-13-25.json,0.37416839599609375
2024-07-16_17-13-26,SUSTAINABILITY_115-50\request_2024-07-16_17-13-26.json,SUSTAINABILITY_115-50\response_2024-07-16_17-13-26.json,0.4842231273651123
2024-07-16_17-13-27,SUSTAINABILITY_115-50\request_2024-07-16_17-13-27.json,SUSTAINABILITY_115-50\response_2024-07-16_17-13-27.json,0.395967960357666
2024-07-16_17-13-29,SUSTAINABILITY_115-50\request_2024-07-16_17-13-29.json,SUSTAINABILITY_115-50\response_2024-07-16_17-13-29.json,0.38643908500671387
2024-07-16_17-13-30,SUSTAINABILITY_115-50\request_2024-07-16_17-13-30.json,SUSTAINABILITY_115-50\response_2024-07-16_17-13-30.json,0.37897682189941406
2024-07-16_17-13-31,SUSTAINABILITY_115-50\request_2024-07-16_17-13-31.json,SUSTAINABILITY_115-50\response_2024-07-16_17-13-31.json,0.451340913772583
2024-07-16_17-13-33,SUSTAINABILITY_115-50\request_2024-07-16_17-13-33.json,SUSTAINABILITY_115-50\response_2024-07-16_17-13-33.json,0.364609956741333
2024-07-16_17-13-34,SUSTAINABILITY_115-50\request_2024-07-16_17-13-34.json,SUSTAINABILITY_115-50\response_2024-07-16_17-13-34.json,0.3864755630493164
2024-07-16_17-13-35,SUSTAINABILITY_115-50\request_2024-07-16_17-13-35.json,SUSTAINABILITY_115-50\response_2024-07-16_17-13-35.json,0.369525671005249
2024-07-16_17-13-36,SUSTAINABILITY_115-50\request_2024-07-16_17-13-36.json,SUSTAINABILITY_115-50\response_2024-07-16_17-13-36.json,0.4105038642883301
2024-07-16_17-13-38,SUSTAINABILITY_115-50\request_2024-07-16_17-13-38.json,SUSTAINABILITY_115-50\response_2024-07-16_17-13-38.json,0.3979649543762207
2024-07-16_17-13-39,SUSTAINABILITY_115-50\request_2024-07-16_17-13-39.json,SUSTAINABILITY_115-50\response_2024-07-16_17-13-39.json,0.3810141086578369
2024-07-16_17-13-40,SUSTAINABILITY_115-50\request_2024-07-16_17-13-40.json,SUSTAINABILITY_115-50\response_2024-07-16_17-13-40.json,0.3823227882385254
2024-07-16_17-13-42,SUSTAINABILITY_115-50\request_2024-07-16_17-13-42.json,SUSTAINABILITY_115-50\response_2024-07-16_17-13-42.json,0.5452206134796143
2024-07-16_17-13-43,SUSTAINABILITY_115-50\request_2024-07-16_17-13-43.json,SUSTAINABILITY_115-50\response_2024-07-16_17-13-43.json,0.37076854705810547
2024-07-16_17-13-45,SUSTAINABILITY_115-50\request_2024-07-16_17-13-45.json,SUSTAINABILITY_115-50\response_2024-07-16_17-13-45.json,0.3500332832336426
2024-07-16_17-13-46,SUSTAINABILITY_115-50\request_2024-07-16_17-13-46.json,SUSTAINABILITY_115-50\response_2024-07-16_17-13-46.json,0.42383384704589844
2024-07-16_17-13-47,SUSTAINABILITY_115-50\request_2024-07-16_17-13-47.json,SUSTAINABILITY_115-50\response_2024-07-16_17-13-47.json,0.38653016090393066
2024-07-16_17-13-48,SUSTAINABILITY_115-50\request_2024-07-16_17-13-48.json,SUSTAINABILITY_115-50\response_2024-07-16_17-13-48.json,0.3673865795135498
2024-07-16_17-13-50,SUSTAINABILITY_115-50\request_2024-07-16_17-13-50.json,SUSTAINABILITY_115-50\response_2024-07-16_17-13-50.json,0.39070987701416016
2024-07-16_17-13-51,SUSTAINABILITY_115-50\request_2024-07-16_17-13-51.json,SUSTAINABILITY_115-50\response_2024-07-16_17-13-51.json,0.49272966384887695
2024-07-16_17-13-52,SUSTAINABILITY_115-50\request_2024-07-16_17-13-52.json,SUSTAINABILITY_115-50\response_2024-07-16_17-13-52.json,0.3815934658050537
2024-07-16_17-13-54,SUSTAINABILITY_115-50\request_2024-07-16_17-13-54.json,SUSTAINABILITY_115-50\response_2024-07-16_17-13-54.json,0.39972853660583496
2024-07-16_17-13-55,SUSTAINABILITY_115-50\request_2024-07-16_17-13-55.json,SUSTAINABILITY_115-50\response_2024-07-16_17-13-55.json,0.3794980049133301
2024-07-16_17-13-56,SUSTAINABILITY_115-50\request_2024-07-16_17-13-56.json,SUSTAINABILITY_115-50\response_2024-07-16_17-13-56.json,0.3836479187011719
2024-07-16_17-13-58,SUSTAINABILITY_115-50\request_2024-07-16_17-13-58.json,SUSTAINABILITY_115-50\response_2024-07-16_17-13-58.json,0.41440558433532715
2024-07-16_17-13-59,SUSTAINABILITY_115-50\request_2024-07-16_17-13-59.json,SUSTAINABILITY_115-50\response_2024-07-16_17-13-59.json,0.4075319766998291
2024-07-16_17-14-00,SUSTAINABILITY_115-50\request_2024-07-16_17-14-00.json,SUSTAINABILITY_115-50\response_2024-07-16_17-14-00.json,0.38524603843688965
2024-07-16_17-14-02,SUSTAINABILITY_115-50\request_2024-07-16_17-14-02.json,SUSTAINABILITY_115-50\response_2024-07-16_17-14-02.json,0.39352846145629883
2024-07-16_17-14-03,SUSTAINABILITY_115-50\request_2024-07-16_17-14-03.json,SUSTAINABILITY_115-50\response_2024-07-16_17-14-03.json,0.45482540130615234
2024-07-16_17-14-04,SUSTAINABILITY_115-50\request_2024-07-16_17-14-04.json,SUSTAINABILITY_115-50\response_2024-07-16_17-14-04.json,0.3722555637359619
2024-07-16_17-14-06,SUSTAINABILITY_115-50\request_2024-07-16_17-14-06.json,SUSTAINABILITY_115-50\response_2024-07-16_17-14-06.json,0.37958526611328125
2024-07-16_17-14-07,SUSTAINABILITY_115-50\request_2024-07-16_17-14-07.json,SUSTAINABILITY_115-50\response_2024-07-16_17-14-07.json,0.3690032958984375
2024-07-16_17-14-08,SUSTAINABILITY_115-50\request_2024-07-16_17-14-08.json,SUSTAINABILITY_115-50\response_2024-07-16_17-14-08.json,0.39748692512512207
2024-07-16_17-14-09,SUSTAINABILITY_115-50\request_2024-07-16_17-14-09.json,SUSTAINABILITY_115-50\response_2024-07-16_17-14-09.json,0.4070606231689453
2024-07-16_17-14-11,SUSTAINABILITY_115-50\request_2024-07-16_17-14-11.json,SUSTAINABILITY_115-50\response_2024-07-16_17-14-11.json,0.4297964572906494
2024-07-16_17-14-12,SUSTAINABILITY_115-50\request_2024-07-16_17-14-12.json,SUSTAINABILITY_115-50\response_2024-07-16_17-14-12.json,0.36865758895874023
2024-07-16_17-14-13,SUSTAINABILITY_115-50\request_2024-07-16_17-14-13.json,SUSTAINABILITY_115-50\response_2024-07-16_17-14-13.json,0.40450024604797363
2024-07-16_17-14-15,SUSTAINABILITY_115-50\request_2024-07-16_17-14-15.json,SUSTAINABILITY_115-50\response_2024-07-16_17-14-15.json,0.3719217777252197
2024-07-16_17-14-16,SUSTAINABILITY_115-50\request_2024-07-16_17-14-16.json,SUSTAINABILITY_115-50\response_2024-07-16_17-14-16.json,0.5520825386047363
2024-07-16_17-14-17,SUSTAINABILITY_115-50\request_2024-07-16_17-14-17.json,SUSTAINABILITY_115-50\response_2024-07-16_17-14-17.json,0.37194085121154785
2024-07-16_17-14-19,SUSTAINABILITY_115-50\request_2024-07-16_17-14-19.json,SUSTAINABILITY_115-50\response_2024-07-16_17-14-19.json,0.36154961585998535
2024-07-16_17-14-20,SUSTAINABILITY_115-50\request_2024-07-16_17-14-20.json,SUSTAINABILITY_115-50\response_2024-07-16_17-14-20.json,0.389538049697876
2024-07-16_17-14-21,SUSTAINABILITY_115-50\request_2024-07-16_17-14-21.json,SUSTAINABILITY_115-50\response_2024-07-16_17-14-21.json,0.4069705009460449
2024-07-16_17-14-23,SUSTAINABILITY_115-50\request_2024-07-16_17-14-23.json,SUSTAINABILITY_115-50\response_2024-07-16_17-14-23.json,0.44329333305358887
2024-07-16_17-14-24,SUSTAINABILITY_115-50\request_2024-07-16_17-14-24.json,SUSTAINABILITY_115-50\response_2024-07-16_17-14-24.json,0.4224083423614502
2024-07-16_17-14-25,SUSTAINABILITY_115-50\request_2024-07-16_17-14-25.json,SUSTAINABILITY_115-50\response_2024-07-16_17-14-25.json,0.3625459671020508
2024-07-16_17-14-27,SUSTAINABILITY_115-50\request_2024-07-16_17-14-27.json,SUSTAINABILITY_115-50\response_2024-07-16_17-14-27.json,0.38748717308044434
2024-07-16_17-14-28,SUSTAINABILITY_115-50\request_2024-07-16_17-14-28.json,SUSTAINABILITY_115-50\response_2024-07-16_17-14-28.json,0.48436999320983887
2024-07-16_17-14-29,SUSTAINABILITY_115-50\request_2024-07-16_17-14-29.json,SUSTAINABILITY_115-50\response_2024-07-16_17-14-29.json,0.46051669120788574
2024-07-16_17-14-31,SUSTAINABILITY_115-50\request_2024-07-16_17-14-31.json,SUSTAINABILITY_115-50\response_2024-07-16_17-14-31.json,0.4115111827850342
2024-07-16_17-14-32,SUSTAINABILITY_115-50\request_2024-07-16_17-14-32.json,SUSTAINABILITY_115-50\response_2024-07-16_17-14-32.json,0.37527918815612793
2024-07-16_17-14-33,SUSTAINABILITY_115-50\request_2024-07-16_17-14-33.json,SUSTAINABILITY_115-50\response_2024-07-16_17-14-33.json,0.40389490127563477
2024-07-16_17-14-35,SUSTAINABILITY_115-50\request_2024-07-16_17-14-35.json,SUSTAINABILITY_115-50\response_2024-07-16_17-14-35.json,0.36488938331604004
2024-07-16_17-14-36,SUSTAINABILITY_115-50\request_2024-07-16_17-14-36.json,SUSTAINABILITY_115-50\response_2024-07-16_17-14-36.json,0.5216069221496582
2024-07-16_17-14-37,SUSTAINABILITY_115-50\request_2024-07-16_17-14-37.json,SUSTAINABILITY_115-50\response_2024-07-16_17-14-37.json,0.36956167221069336
2024-07-16_17-14-39,SUSTAINABILITY_115-50\request_2024-07-16_17-14-39.json,SUSTAINABILITY_115-50\response_2024-07-16_17-14-39.json,0.3773984909057617
2024-07-16_17-14-40,SUSTAINABILITY_115-50\request_2024-07-16_17-14-40.json,SUSTAINABILITY_115-50\response_2024-07-16_17-14-40.json,0.37055468559265137
2024-07-16_17-14-41,SUSTAINABILITY_115-50\request_2024-07-16_17-14-41.json,SUSTAINABILITY_115-50\response_2024-07-16_17-14-41.json,0.43030691146850586
2024-07-16_17-14-43,SUSTAINABILITY_115-50\request_2024-07-16_17-14-43.json,SUSTAINABILITY_115-50\response_2024-07-16_17-14-43.json,0.42917561531066895
2024-07-16_17-14-44,SUSTAINABILITY_115-50\request_2024-07-16_17-14-44.json,SUSTAINABILITY_115-50\response_2024-07-16_17-14-44.json,0.3935260772705078
2024-07-16_17-14-45,SUSTAINABILITY_115-50\request_2024-07-16_17-14-45.json,SUSTAINABILITY_115-50\response_2024-07-16_17-14-45.json,0.36568379402160645
2024-07-16_17-14-47,SUSTAINABILITY_115-50\request_2024-07-16_17-14-47.json,SUSTAINABILITY_115-50\response_2024-07-16_17-14-47.json,0.38162708282470703
2024-07-16_17-14-48,SUSTAINABILITY_115-50\request_2024-07-16_17-14-48.json,SUSTAINABILITY_115-50\response_2024-07-16_17-14-48.json,0.44916558265686035
2024-07-16_17-14-49,SUSTAINABILITY_115-50\request_2024-07-16_17-14-49.json,SUSTAINABILITY_115-50\response_2024-07-16_17-14-49.json,0.40604281425476074
2024-07-16_17-14-51,SUSTAINABILITY_115-50\request_2024-07-16_17-14-51.json,SUSTAINABILITY_115-50\response_2024-07-16_17-14-51.json,0.37178564071655273
2024-07-16_17-14-52,SUSTAINABILITY_115-50\request_2024-07-16_17-14-52.json,SUSTAINABILITY_115-50\response_2024-07-16_17-14-52.json,0.3872253894805908
2024-07-16_17-14-53,SUSTAINABILITY_115-50\request_2024-07-16_17-14-53.json,SUSTAINABILITY_115-50\response_2024-07-16_17-14-53.json,0.47741079330444336
2024-07-16_17-14-55,SUSTAINABILITY_115-50\request_2024-07-16_17-14-55.json,SUSTAINABILITY_115-50\response_2024-07-16_17-14-55.json,0.43285298347473145
2024-07-16_17-14-56,SUSTAINABILITY_115-50\request_2024-07-16_17-14-56.json,SUSTAINABILITY_115-50\response_2024-07-16_17-14-56.json,0.5246446132659912
